{
  "timestamp": "20250117_215845",
  "parameters": {
    "classical_sizes": [
      8,
      16,
      32,
      64,
      128,
      256
    ],
    "quantum_sizes": [
      2,
      4,
      6,
      8,
      10
    ],
    "cpu_limit": 8,
    "n_steps_classical": 1000,
    "n_steps_quantum": 100,
    "dt": 0.05,
    "J": 1.0,
    "h": 0.1,
    "T": 2.0,
    "hbar_h": 0.1
  },
  "classical_results": {
    "sizes": [
      8,
      16,
      32,
      64,
      128,
      256
    ],
    "cpu_sizes": [
      8
    ],
    "cpu_times": [
      0.010509490966796875
    ],
    "gpu_times": [
      1.2766005992889404,
      1.1733357906341553,
      1.3184633255004883,
      1.6591546535491943,
      2.0811917781829834,
      3.184018611907959
    ],
    "speedup": [
      0.008232403284669147
    ],
    "memory_cpu": [
      0.0078125
    ],
    "memory_gpu": [
      -1.79296875,
      -1.6796875,
      0.00390625,
      -0.05859375,
      -0.015625,
      0.0625
    ]
  },
  "quantum_results": {
    "sizes": [
      2,
      4,
      6,
      8,
      10
    ],
    "cpu_sizes": [
      2,
      4,
      6,
      8
    ],
    "cpu_times": [
      0.07375741004943848,
      0.15020418167114258,
      1.1920716762542725,
      32.00871157646179
    ],
    "gpu_times": [
      0.39810991287231445,
      0.18429017066955566,
      0.2699775695800781,
      1.6414425373077393,
      64.91399312019348
    ],
    "speedup": [
      0.1852689613209773,
      0.8150417416481127,
      4.415447098469755,
      19.500354626462787
    ],
    "memory_cpu": [
      0.93359375,
      3.65625,
      25.8828125,
      152.33984375
    ],
    "memory_gpu": [
      166.30859375,
      0.01171875,
      -6.02734375,
      1.82421875,
      -0.671875
    ]
  }
}